<?xml version="1.0" encoding="UTF-8"?>
<parameter>
    <env_id>0</env_id>
    <!-- Mdcs 服务器发送使用的网卡IP和端口，0.0.0.0由系统自己选择 -->
    <interface_address>0.0.0.0</interface_address>
    <interface_port>8888</interface_port>
    <!-- 应用的组播地址和端口 -->
    <app_multicast_address>239.2.10.1</app_multicast_address>
    <app_multicast_port>5630</app_multicast_port>
    
    <app_multicast_address2>239.2.10.2</app_multicast_address>
    <app_multicast_port2>5631</app_multicast_port>
    <!-- 发送消息的数量 -->
    <send_msg_count>10000</send_msg_count>
    <!-- 测试模式，[0，功能；1，性能] -->
    <mode>0</mode>
    <multi_thread>1</multi_thread>
    <!-- 网关管理通道接收的组播IP和端口 -->
    <admin_multicast_address>239.9.0.1</admin_multicast_address>
    <admin_multicast_port>5930</admin_multicast_port>
    <!-- <admin_multicast_address>239.9.10.1</admin_multicast_address> -->
    <!-- <admin_multicast_port>5939</admin_multicast_port> -->
    <!-- 交易日信息，style=[CCYYMMDD] -->
    <trading_day>20140608</trading_day>
	<trading_day_switch>0</trading_day_switch>
    <auth_switch>0</auth_switch>

    <send_rate>20000</send_rate>
    <tick_msg_count_pkt>50</tick_msg_count_pkt>
    <snapshot_msg_count_pkt>3</snapshot_msg_count_pkt>
    <sampling_protortion>1000</sampling_protortion>
</parameter>
